Workbook
Name Slicer_Department1: #N/A
Name Slicer_Designation1: #N/A
Name Slicer_Loan_Type: #N/A
Name Timeline_Loan_Application_Date: #N/A

Sheet Pivot Tables
A1: Business Questions for the Dashboard
B4: 1. What is the total loan demand and how is it distributed by loan type? | G4: 5. Which customer segment represents the highest credit risk exposure?
B6: Loan Type | C6: Sum of New Loan Application amount | G6: Sum of New Loan Application amount | H6: Column Labels
B7: Car | C7: 271362116 | G7: Row Labels | H7: High Risk | I7: Low Risk | J7: Medium Risk | K7: Grand Total
B8: Education | C8: 271248158 | G8: Car | H8: 122776216 | I8: 26161839 | J8: 122424061 | K8: 271362116
B9: Personal | C9: 279897271 | G9: Education | H9: 124765081 | I9: 28837452 | J9: 117645625 | K9: 271248158
B10: Grand Total | C10: 822507545 | G10: Personal | H10: 139805341 | I10: 29369332 | J10: 110722598 | K10: 279897271
G11: Grand Total | H11: 387346638 | I11: 84368623 | J11: 350792284 | K11: 822507545
B12: 2. Which departments/designations apply for the highest loan amounts?
G13: 6. When do loan applications peak during the year?
B14: Department | C14: Sum of New Loan Application amount
B15: Finance | C15: 141581866 | G15: Row Labels | H15: Sum of New Loan Application amount
B16: Growth | C16: 144819038 | G16: 1 | H16: 92223497
B17: Marketing | C17: 147524030 | G17: 2 | H17: 85150270
B18: Operation | C18: 132281589 | G18: 3 | H18: 98804121
B19: Sales | C19: 131375403 | G19: 4 | H19: 81847024
B20: Strategy | C20: 124925619 | G20: 5 | H20: 77135995
B21: Grand Total | C21: 822507545 | G21: 6 | H21: 77508135
G22: 7 | H22: 72765634
B23: 3. What is the credit profile of applicants? | G23: 8 | H23: 79760921
G24: 9 | H24: 78052951
B25: Row Labels | C25: Count of Credit Score Range | G25: 10 | H25: 79258997
B26: Good | C26: 563 | G26: Grand Total | H26: 822507545
B27: Excellent | C27: 532
B28: Grand Total | C28: 1095
B30: 4. Is there a relationship between EMI defaults and loan amount?
B32: Month | C32: Sum of New Loan Application amount
B33: Jan | C33: 77337543
B34: Feb | C34: 75393920
B35: Mar | C35: 81949442
B36: Apr | C36: 71475896
B37: May | C37: 84087828
B38: Jun | C38: 74287048
B39: Jul | C39: 69827375
B40: Aug | C40: 62308924
B41: Sep | C41: 76800146
B42: Oct | C42: 65564078
B43: Nov | C43: 65337978
B44: Dec | C44: 18137367
B45: Grand Total | C45: 822507545

Sheet Worked JustLoan dataset
A1: Loan Application Date | B1: CustomerID | C1: Department - Designation | D1: Department | E1: Designation | F1: Credit Score | G1: Past Loans | H1: Emi Defaults | I1: Date of Birth | J1: New Loan Application amount | K1: Loan Type | L1: Year of Birth | M1: Month of Loan Application | N1: Age of customer | O1: Credit Score Range | P1: Risk Category
A2: 44069 | B2: 91270 | C2: Marketing - Director | D2: =TRIM(LEFT(C2,FIND("-",C2,1)-1)) -> Marketing | E2: =TRIM(RIGHT(C2,LEN(C2)-(FIND("-",C2,1)))) -> Director | F2: 700 | G2: 3 | H2: 5 | I2: 32436 | J2: 724892 | K2: Education | L2: =YEAR(I2) -> 1988 | M2: =MONTH(A2) -> 8 | N2: =YEAR(TODAY()) - $L2 -> 38 | O2: {=_xlfn.IFS($F2>=750,"Excellent",$F2>=700,"Good",$F2>=650,"Moderate", $F2<650,"Risky" )} -> Good | P2: {=_xlfn.IFS( AND(F2>=750,H2<=2),"Low Risk", AND(F2>=700,H2<=5),"Medium Risk", TRUE,"High Risk" )} -> Medium Risk
A3: 43945 | B3: 19419 | C3: Operation - Executive | D3: =TRIM(LEFT(C3,FIND("-",C3,1)-1)) -> Operation | E3: =TRIM(RIGHT(C3,LEN(C3)-(FIND("-",C3,1)))) -> Executive | F3: 738 | G3: 1 | H3: 10 | I3: 33009 | J3: 619419 | K3: Education | L3: =YEAR(I3) -> 1990 | M3: =MONTH(A3) -> 4 | N3: =YEAR(TODAY()) - $L3 -> 36 | O3: {=_xlfn.IFS($F3>=750,"Excellent",$F3>=700,"Good",$F3>=650,"Moderate", $F3<650,"Risky" )} -> Good | P3: {=_xlfn.IFS( AND(F3>=750,H3<=2),"Low Risk", AND(F3>=700,H3<=5),"Medium Risk", TRUE,"High Risk" )} -> High Risk
A4: 44099 | B4: 33678 | C4: Marketing - Executive | D4: =TRIM(LEFT(C4,FIND("-",C4,1)-1)) -> Marketing | E4: =TRIM(RIGHT(C4,LEN(C4)-(FIND("-",C4,1)))) -> Executive | F4: 797 | G4: 5 | H4: 9 | I4: 33617 | J4: 546715 | K4: Education | L4: =YEAR(I4) -> 1992 | M4: =MONTH(A4) -> 9 | N4: =YEAR(TODAY()) - $L4 -> 34 | O4: {=_xlfn.IFS($F4>=750,"Excellent",$F4>=700,"Good",$F4>=650,"Moderate", $F4<650,"Risky" )} -> Excellent | P4: {=_xlfn.IFS( AND(F4>=750,H4<=2),"Low Risk", AND(F4>=700,H4<=5),"Medium Risk", TRUE,"High Risk" )} -> High Risk
A5: 44032 | B5: 66356 | C5: Growth - Manager | D5: =TRIM(LEFT(C5,FIND("-",C5,1)-1)) -> Growth | E5: =TRIM(RIGHT(C5,LEN(C5)-(FIND("-",C5,1)))) -> Manager | F5: 798 | G5: 1 | H5: 3 | I5: 31680 | J5: 591212 | K5: Personal | L5: =YEAR(I5) -> 1986 | M5: =MONTH(A5) -> 7 | N5: =YEAR(TODAY()) - $L5 -> 40 | O5: {=_xlfn.IFS($F5>=750,"Excellent",$F5>=700,"Good",$F5>=650,"Moderate", $F5<650,"Risky" )} -> Excellent | P5: {=_xlfn.IFS( AND(F5>=750,H5<=2),"Low Risk", AND(F5>=700,H5<=5),"Medium Risk", TRUE,"High Risk" )} -> Medium Risk
A6: 43847 | B6: 85241 | C6: Marketing - Manager | D6: =TRIM(LEFT(C6,FIND("-",C6,1)-1)) -> Marketing | E6: =TRIM(RIGHT(C6,LEN(C6)-(FIND("-",C6,1)))) -> Manager | F6: 712 | G6: 2 | H6: 2 | I6: 34019 | J6: 853015 | K6: Education | L6: =YEAR(I6) -> 1993 | M6: =MONTH(A6) -> 1 | N6: =YEAR(TODAY()) - $L6 -> 33 | O6: {=_xlfn.IFS($F6>=750,"Excellent",$F6>=700,"Good",$F6>=650,"Moderate", $F6<650,"Risky" )} -> Good | P6: {=_xlfn.IFS( AND(F6>=750,H6<=2),"Low Risk", AND(F6>=700,H6<=5),"Medium Risk", TRUE,"High Risk" )} -> Medium Risk
A7: 43997 | B7: 83733 | C7: Operation - Manager | D7: =TRIM(LEFT(C7,FIND("-",C7,1)-1)) -> Operation | E7: =TRIM(RIGHT(C7,LEN(C7)-(FIND("-",C7,1)))) -> Manager | F7: 783 | G7: 4 | H7: 3 | I7: 30911 | J7: 873595 | K7: Car | L7: =YEAR(I7) -> 1984 | M7: =MONTH(A7) -> 6 | N7: =YEAR(TODAY()) - $L7 -> 42 | O7: {=_xlfn.IFS($F7>=750,"Excellent",$F7>=700,"Good",$F7>=650,"Moderate", $F7<650,"Risky" )} -> Excellent | P7: {=_xlfn.IFS( AND(F7>=750,H7<=2),"Low Risk", AND(F7>=700,H7<=5),"Medium Risk", TRUE,"High Risk" )} -> Medium Risk
A8: 43919 | B8: 40255 | C8: Strategy - Executive | D8: =TRIM(LEFT(C8,FIND("-",C8,1)-1)) -> Strategy | E8: =TRIM(RIGHT(C8,LEN(C8)-(FIND("-",C8,1)))) -> Executive | F8: 725 | G8: 1 | H8: 5 | I8: 30420 | J8: 779732 | K8: Car | L8: =YEAR(I8) -> 1983 | M8: =MONTH(A8) -> 3 | N8: =YEAR(TODAY()) - $L8 -> 43 | O8: {=_xlfn.IFS($F8>=750,"Excellent",$F8>=700,"Good",$F8>=650,"Moderate", $F8<650,"Risky" )} -> Good | P8: {=_xlfn.IFS( AND(F8>=750,H8<=2),"Low Risk", AND(F8>=700,H8<=5),"Medium Risk", TRUE,"High Risk" )} -> Medium Risk
A9: 44063 | B9: 23150 | C9: Marketing - Intern | D9: =TRIM(LEFT(C9,FIND("-",C9,1)-1)) -> Marketing | E9: =TRIM(RIGHT(C9,LEN(C9)-(FIND("-",C9,1)))) -> Intern | F9: 795 | G9: 3 | H9: 1 | I9: 33696 | J9: 827502 | K9: Education | L9: =YEAR(I9) -> 1992 | M9: =MONTH(A9) -> 8 | N9: =YEAR(TODAY()) - $L9 -> 34 | O9: {=_xlfn.IFS($F9>=750,"Excellent",$F9>=700,"Good",$F9>=650,"Moderate", $F9<650,"Risky" )} -> Excellent | P9: {=_xlfn.IFS( AND(F9>=750,H9<=2),"Low Risk", AND(F9>=700,H9<=5),"Medium Risk", TRUE,"High Risk" )} -> Low Risk
A10: 43926 | B10: 61923 | C10: Strategy - Intern | D10: =TRIM(LEFT(C10,FIND("-",C10,1)-1)) -> Strategy | E10: =TRIM(RIGHT(C10,LEN(C10)-(FIND("-",C10,1)))) -> Intern | F10: 730 | G10: 4 | H10: 2 | I10: 34492 | J10: 939272 | K10: Education | L10: =YEAR(I10) -> 1994 | M10: =MONTH(A10) -> 4 | N10: =YEAR(TODAY()) - $L10 -> 32 | O10: {=_xlfn.IFS($F10>=750,"Excellent",$F10>=700,"Good",$F10>=650,"Moderate", $F10<650,"Risky" )} -> Good | P10: {=_xlfn.IFS( AND(F10>=750,H10<=2),"Low Risk", AND(F10>=700,H10<=5),"Medium Risk", TRUE,"High Risk" )} -> Medium Risk
A11: 43952 | B11: 32314 | C11: Sales - Manager | D11: =TRIM(LEFT(C11,FIND("-",C11,1)-1)) -> Sales | E11: =TRIM(RIGHT(C11,LEN(C11)-(FIND("-",C11,1)))) -> Manager | F11: 711 | G11: 5 | H11: 4 | I11: 32747 | J11: 748267 | K11: Education | L11: =YEAR(I11) -> 1989 | M11: =MONTH(A11) -> 5 | N11: =YEAR(TODAY()) - $L11 -> 37 | O11: {=_xlfn.IFS($F11>=750,"Excellent",$F11>=700,"Good",$F11>=650,"Moderate", $F11<650,"Risky" )} -> Good | P11: {=_xlfn.IFS( AND(F11>=750,H11<=2),"Low Risk", AND(F11>=700,H11<=5),"Medium Risk", TRUE,"High Risk" )} -> Medium Risk
A12: 44158 | B12: 51904 | C12: Marketing - Executive | D12: =TRIM(LEFT(C12,FIND("-",C12,1)-1)) -> Marketing | E12: =TRIM(RIGHT(C12,LEN(C12)-(FIND("-",C12,1)))) -> Executive | F12: 718 | G12: 4 | H12: 10 | I12: 33368 | J12: 845409 | K12: Education | L12: =YEAR(I12) -> 1991 | M12: =MONTH(A12) -> 11 | N12: =YEAR(TODAY()) - $L12 -> 35 | O12: {=_xlfn.IFS($F12>=750,"Excellent",$F12>=700,"Good",$F12>=650,"Moderate", $F12<650,"Risky" )} -> Good | P12: {=_xlfn.IFS( AND(F12>=750,H12<=2),"Low Risk", AND(F12>=700,H12<=5),"Medium Risk", TRUE,"High Risk" )} -> High Risk
A13: 43977 | B13: 10949 | C13: Strategy - Manager | D13: =TRIM(LEFT(C13,FIND("-",C13,1)-1)) -> Strategy | E13: =TRIM(RIGHT(C13,LEN(C13)-(FIND("-",C13,1)))) -> Manager | F13: 701 | G13: 5 | H13: 4 | I13: 33211 | J13: 855796 | K13: Education | L13: =YEAR(I13) -> 1990 | M13: =MONTH(A13) -> 5 | N13: =YEAR(TODAY()) - $L13 -> 36 | O13: {=_xlfn.IFS($F13>=750,"Excellent",$F13>=700,"Good",$F13>=650,"Moderate", $F13<650,"Risky" )} -> Good | P13: {=_xlfn.IFS( AND(F13>=750,H13<=2),"Low Risk", AND(F13>=700,H13<=5),"Medium Risk", TRUE,"High Risk" )} -> Medium Risk
... A1096: 43836 | B1096: 96186 | C1096: Strategy - Executive | D1096: =TRIM(LEFT(C1096,FIND("-",C1096,1)-1)) -> Strategy | E1096: =TRIM(RIGHT(C1096,LEN(C1096)-(FIND("-",C1096,1)))) -> Executive | F1096: 798 | G1096: 3 | H1096: 9 | I1096: 34310 | J1096: 949902 | K1096: Personal | L1096: =YEAR(I1096) -> 1993 | M1096: =MONTH(A1096) -> 1 | N1096: =YEAR(TODAY()) - $L1096 -> 33 | O1096: {=_xlfn.IFS($F1096>=750,"Excellent",$F1096>=700,"Good",$F1096>=650,"Moderate", $F1096<650,"Risky" )} -> Excellent | P1096: {=_xlfn.IFS( AND(F1096>=750,H1096<=2),"Low Risk", AND(F1096>=700,H1096<=5),"Medium Risk", TRUE,"High Risk" )} -> High Risk

Sheet Dashbord
B1: LOAN APPLICATION DASHBOARD
B3: Total Applications | E3: Total Loan Amount | H3: Avg Credit Score | K3: Avg EMI Defaults
B4: =COUNTA('Worked JustLoan dataset'!B$1:B$1096) -> 1096 | E4: =SUM('Worked JustLoan dataset'!J$1:J$1096) -> 822507545 | H4: =AVERAGE('Worked JustLoan dataset'!F$1:F$1096) -> 749.04932 | K4: =AVERAGE('Worked JustLoan dataset'!H$1:H$1096) -> 5.3159817

Sheet Sheet1

Sheet Results
A3: 1 | B3: =SUMIF('Worked JustLoan dataset'!$D$2:$D$1096,"Marketing",'Worked JustLoan dataset'!$J$2:$J1003) -> 147524030
A5: 2 | B5: =COUNTIF('Worked JustLoan dataset'!$D$2:$D$1096,"Finance") -> 188
A7: 3 | B7: =AVERAGEIF('Worked JustLoan dataset'!$F$1:$F$1096,800,'Worked JustLoan dataset'!$H$1:$H$1096) -> 5.4666667
A9: 4 | B9: =SUMIF('Worked JustLoan dataset'!$D$2:$D$1096,"Finance",'Worked JustLoan dataset'!$J$2:$J1003) -> 141581866
A11: 5 | B11: {=_xludf.UNIQUE('Worked JustLoan dataset'!$K$1:$K$1096)} -> #NAME?
B12: #NAME? | C12: =COUNTIFS('Worked JustLoan dataset'!$E$1:$E$1096,"Director",'Worked JustLoan dataset'!$K$1:$K$1096,B12) -> 0
B13: #NAME? | C13: =COUNTIFS('Worked JustLoan dataset'!$E$1:$E$1096,"Director",'Worked JustLoan dataset'!$K$1:$K$1096,B13) -> 0
B14: #NAME? | C14: =COUNTIFS('Worked JustLoan dataset'!$E$1:$E$1096,"Director",'Worked JustLoan dataset'!$K$1:$K$1096,B14) -> 0
A16: 6 | B16: =COUNTIF('Worked JustLoan dataset'!$E$2:$E$1096,"Director") -> 287
A18: 7 | B18: {=_xludf.UNIQUE('Worked JustLoan dataset'!$K$1:$K$1096)} -> #NAME?
B19: #NAME? | C19: =COUNTIFS('Worked JustLoan dataset'!$E$1:$E$1096,"Intern",'Worked JustLoan dataset'!$K$1:$K$1096,B19) -> 0
B20: #NAME? | C20: =COUNTIFS('Worked JustLoan dataset'!$E$1:$E$1096,"Intern",'Worked JustLoan dataset'!$K$1:$K$1096,B20) -> 0
B21: #NAME? | C21: =COUNTIFS('Worked JustLoan dataset'!$E$1:$E$1096,"Intern",'Worked JustLoan dataset'!$K$1:$K$1096,B21) -> 0
A23: 8 | B23: =SUMIF('Worked JustLoan dataset'!$F$1:$F$1096,800,'Worked JustLoan dataset'!$J$1:$J$1096) -> 11063495
A25: 9 | B25: =COUNTIF('Worked JustLoan dataset'!$L$1:$L$1096,1990) -> 81
A27: 10 | B27: =COUNTIF('Worked JustLoan dataset'!$M$1:$M$1096,1) -> 100
